date,bitcoin,sp500,gold,oil,euro
2013-09-25,123.42,1692.77,1322.75,102.68,1.3536
2013-09-26,123.48,1698.67,1333,103.1,1.3484
2013-09-27,123.5,1691.75,1341,102.86,1.3537
2013-09-30,123.1,1681.55,1326.5,102.36,1.3535
2013-10-01,125.49,1695,1290.75,102.09,1.3534
2013-10-02,99.81,1693.87,1306.25,104.15,1.3592
2013-10-03,116.82,1678.66,1316,103.29,1.3642
2013-10-04,121.29,1690.5,1309.75,103.83,1.3582
2013-10-07,123.24,1676.12,1323.5,103.07,1.3569
2013-10-08,124.32,1655.45,1329.5,103.54,1.3582
2013-10-09,125.84,1656.4,1304,101.63,1.3513
2013-10-10,125.7,1692.56,1298.5,103.08,1.3535
2013-10-11,125.51,1703.2,1265.5,102.17,1.3559
2013-10-14,133.04,1710.14,1285.5,102.46,0
2013-10-15,138.64,1698.06,1270.5,101.15,1.3494
2013-10-16,137.42,1721.54,1273.5,102.34,1.349
2013-10-17,142.73,1733.15,1319.25,100.72,1.3664
2013-10-18,149.59,1744.5,1316.5,100.87,1.3693
2013-10-21,174.18,1744.66,1317.5,99.28,1.3672
2013-10-22,183.86,1754.67,1333,97.63,1.3778
2013-10-23,200.62,1746.38,1331.25,96.9,1.3786
2013-10-24,183.15,1752.07,1344.75,96.65,1.381
2013-10-25,178.12,1759.77,1347.75,97.4,1.3794
2013-10-28,187.87,1762.11,1361,98.74,1.3786
2013-10-29,198.19,1771.95,1349.25,98.29,1.377
2013-10-30,194.55,1763.31,1354.75,96.81,1.3771
2013-10-31,198.23,1756.54,1324,96.29,1.3594
2013-11-01,198.51,1761.64,1306.75,94.56,1.3488
2013-11-04,225.2,1767.93,1320.5,94.58,1.3516
2013-11-05,239.29,1762.97,1307.25,93.4,1.347
2013-11-06,253.69,1770.49,1319,94.74,1.353
2013-11-07,283.3,1747.15,1307.25,94.25,1.339
2013-11-08,323.77,1770.61,1285.5,94.56,1.3357
2013-11-11,332.63,1771.89,1282.5,95.13,0
2013-11-12,349.34,1767.69,1281.25,93.12,1.3428
2013-11-13,393.28,1782,1272.5,93.91,1.3456
2013-11-14,410.72,1790.62,1286,93.76,1.3468
2013-11-15,409.17,1798.18,1287.25,93.8,1.348
2013-11-18,674.38,1791.53,1283.5,93.03,1.352
2013-11-19,541.83,1787.87,1275.75,93.35,1.3529
2013-11-20,572.67,1781.37,1257,93.34,1.3451
2013-11-21,695.87,1795.85,1240,95.35,1.347
2013-11-22,747.48,1804.76,1246.25,94.53,1.3547
2013-11-25,778.68,1802.48,1243,93.86,1.3502
2013-11-26,899.2,1802.75,1247.5,93.41,1.3555
2013-11-27,948.41,1807.23,1245,92.05,1.3563
2013-11-28,1037.75,0,1245.5,0,0
2013-11-29,1120.4,1805.81,1253,92.55,1.3606
2013-12-02,1038.35,1800.9,1229.5,93.61,1.3552
2013-12-03,1068.67,1795.15,1217.25,95.83,1.3604
2013-12-04,1147.25,1792.81,1227.5,96.97,1.3555
2013-12-05,1042.03,1785.03,1222.5,97.14,1.3664
2013-12-06,834.03,1805.09,1233,97.48,1.369
2013-12-09,898.02,1808.37,1237,97.1,1.3726
2013-12-10,990,1802.62,1266.25,98.32,1.3765
2013-12-11,883.26,1782.22,1260.75,97.25,1.3798
2013-12-12,875.75,1775.5,1225.25,97.21,1.3752
2013-12-13,898.21,1775.32,1232,96.27,1.3724
2013-12-16,712.51,1786.54,1234.75,97.18,1.3757
2013-12-17,683.84,1781,1231.75,96.99,1.3748
2013-12-18,522.23,1810.65,1230.5,97.59,1.3766
2013-12-19,698.45,1809.6,1196,98.4,1.3666
2013-12-20,622.84,1818.32,1195.25,99.11,1.3673
2013-12-23,673.17,1827.99,1199,98.62,1.3701
2013-12-24,667.62,1833.32,0,98.87,1.3676
2013-12-25,687.36,0,0,0,0
2013-12-26,765.21,1842.02,0,99.18,1.369
2013-12-27,746.72,1841.4,1214.5,99.94,1.3766
2013-12-30,754.76,1841.07,1204.5,98.9,1.3816
2013-12-31,757.5,1848.36,0,98.17,1.3779
2014-01-01,770.44,0,0,0,0
2014-01-02,808.05,1831.98,1225,95.14,1.367
2014-01-03,830.02,1831.37,1234.5,93.66,1.3606
2014-01-06,951.39,1826.77,1246.25,93.12,1.3636
2014-01-07,810.58,1837.88,1227.5,93.31,1.3618
2014-01-08,859.95,1837.49,1221,91.9,1.3586
2014-01-09,860.89,1838.13,1226,91.36,1.3591
2014-01-10,884.67,1842.37,1244.25,92.39,1.3664
2014-01-13,857.96,1819.2,1248,91.45,1.3647
2014-01-14,851.83,1838.88,1251.5,92.15,1.3682
2014-01-15,874.71,1848.38,1236,93.78,1.3604
2014-01-16,847.37,1845.89,1241.5,93.54,1.36
2014-01-17,828.22,1838.7,1250,93.96,1.3554
2014-01-20,871.05,0,1255.75,0,0
2014-01-21,874.29,1843.8,1238,94.51,1.356
2014-01-22,863.95,1844.86,1241,96.35,1.3546
2014-01-23,854.35,1828.46,1263,97.23,1.368
2014-01-24,825.12,1790.29,1267,96.66,1.368
2014-01-27,814.53,1781.56,1260.5,95.82,1.3679
2014-01-28,833.94,1792.5,1251.25,97.49,1.3662
2014-01-29,837.51,1774.2,1264,97.34,1.3663
2014-01-30,845.85,1794.19,1242.5,98.25,1.3549
2014-01-31,848.29,1782.59,1251,97.55,1.35
2014-02-03,846.9,1741.89,1262,96.44,1.3523
2014-02-04,842.01,1755.2,1250.25,97.24,1.3507
2014-02-05,820.87,1751.64,1254.5,97.4,1.3519
2014-02-06,783.62,1773.43,1256.5,97.84,1.3604
2014-02-07,703.57,1797.02,1259.25,99.98,1.3614
2014-02-10,679.73,1799.84,1277,100.12,1.3644
2014-02-11,669.44,1819.75,1282,99.96,1.3654
2014-02-12,648.38,1819.26,1289.5,100.38,1.3592
2014-02-13,598.41,1829.83,1296,100.27,1.3669
2014-02-14,656.61,1838.63,1320,100.31,1.369
2014-02-17,621.49,0,1327.5,0,0
2014-02-18,621.22,1840.76,1320.75,102.54,1.3758
2014-02-19,617.71,1828.75,1320.5,103.46,1.3762
2014-02-20,552.21,1839.78,1316.25,103.2,1.369
2014-02-21,569.04,1836.25,1323.25,102.53,1.3722
2014-02-24,545.32,1847.61,1334.75,103.17,1.3744
2014-02-25,534.71,1845.12,1339,102.2,1.3749
2014-02-26,577.09,1845.16,1331.75,102.93,1.3668
2014-02-27,576.7,1854.29,1332.25,102.68,1.3724
2014-02-28,543.93,1859.45,1326.5,102.88,1.3806
2014-03-03,661.12,1845.73,1349.5,105.34,1.3763
2014-03-04,663.6,1873.91,1334.75,103.64,1.3731
2014-03-05,661.79,1873.81,1337,101.75,1.3734
2014-03-06,658.72,1877.03,1345.25,101.82,1.3848
2014-03-07,625.83,1878.04,1335.25,102.82,1.3868
2014-03-10,625.83,1877.17,1344,101.39,1.388
2014-03-11,628.95,1867.63,1346.25,100.29,1.3867
2014-03-12,631.39,1868.2,1366,98.29,1.3904
2014-03-13,638.16,1846.34,1368.75,98.57,1.3927
2014-03-14,626.71,1841.13,1385,99.23,1.3924
2014-03-17,621.22,1858.83,1378.5,98.43,1.3927
2014-03-18,613.63,1872.25,1355.75,100.08,1.3913
2014-03-19,608.82,1860.77,1338,100.71,1.391
2014-03-20,586.59,1872.01,1327,99.68,1.3784
2014-03-21,570.77,1866.52,1336,99.97,1.3783
2014-03-24,586.27,1857.44,1310.75,100.05,1.3784
2014-03-25,582.28,1865.62,1313.5,99.66,1.3777
2014-03-26,579.07,1852.56,1304,100.61,1.3786
2014-03-27,478.16,1849.04,1296,101.25,1.3752
2014-03-28,502.44,1857.62,1294.75,101.73,1.3753
2014-03-31,458.5,1872.34,1291.75,101.57,1.3777
2014-04-01,478.72,1885.52,1283.75,99.69,1.3804
2014-04-02,437.51,1890.9,1292,99.6,1.3761
2014-04-03,447.08,1888.77,1284,100.29,1.3708
2014-04-04,448.88,1865.09,1297.25,101.16,1.3704
2014-04-07,446.22,1845.04,1299,100.43,1.3745
2014-04-08,450.46,1851.96,1309.5,102.57,1.3802
2014-04-09,440.2,1872.18,1301.75,103.55,1.3816
2014-04-10,360.84,1833.08,1320.5,103.37,1.3892
2014-04-11,420.06,1815.69,1318,103.68,1.3898
2014-04-14,457.63,1830.61,1325.75,104.05,1.3824
2014-04-15,520.12,1842.98,1298,103.7,1.3806
2014-04-16,529.16,1862.31,1301.5,103.71,1.382
2014-04-17,494.4,1864.85,1299,104.33,1.3832
2014-04-18,478.23,0,0,0,1.3816
2014-04-21,493.09,1871.89,0,104.35,1.379
2014-04-22,484.43,1879.55,1286.75,101.69,1.3804
2014-04-23,486.93,1875.39,1285.25,101.47,1.3814
2014-04-24,500.26,1878.61,1291.5,102.2,1.3828
2014-04-25,459.61,1863.4,1301.25,100.85,1.3838
2014-04-28,437.06,1869.43,1299,101.13,1.3844
2014-04-29,444.25,1878.33,1297.75,101.56,1.3808
2014-04-30,445.87,1883.95,1288.5,100.07,1.387
2014-05-01,456.27,1883.68,1278.5,99.69,1.3867
2014-05-02,446.64,1881.14,1281.25,100.09,1.3864
2014-05-05,429.72,1884.66,0,99.74,1.3884
2014-05-06,426.99,1867.72,1306.25,99.81,1.3924
2014-05-07,436.96,1878.21,1296,101.06,1.3917
2014-05-08,435.34,1875.63,1287,100.52,1.3864
2014-05-09,448.23,1878.48,1291.25,100.32,1.3763
2014-05-12,438.43,1896.65,1298.75,100.89,1.376
2014-05-13,437.41,1897.45,1296.5,102.01,1.3711
2014-05-14,441.75,1888.53,1305.25,102.63,1.3718
2014-05-15,444.32,1870.85,1299,101.74,1.3712
2014-05-16,445.01,1877.86,1291.5,102.31,1.3708
2014-05-19,444.31,1885.08,1302,102.95,1.3716
2014-05-20,485.83,1872.83,1295.5,102.8,1.3702
2014-05-21,489.16,1888.03,1287.25,104.31,1.3657
2014-05-22,526.06,1892.49,1298.5,104.03,1.3652
2014-05-23,519.04,1900.53,1291.5,105.01,1.3628
2014-05-26,581.83,0,0,0,0
2014-05-27,569.63,1911.91,1275.5,104.78,1.3618
2014-05-28,574.45,1909.78,1263.5,103.37,1.3596
2014-05-29,565.51,1920.03,1255,104.26,1.3608
2014-05-30,616.47,1923.57,1250.5,103.4,1.364
2014-06-02,658.79,1924.97,1247.25,103.07,1.3606
2014-06-03,665.73,1924.24,1242.75,103.34,1.3624
2014-06-04,636.78,1927.88,1245.25,103.27,1.3619
2014-06-05,656.06,1940.46,1252.5,103.17,1.3618
2014-06-06,645.56,1949.44,1247.5,103.32,1.3639
2014-06-09,645.34,1951.27,1253.5,105.09,1.3589
2014-06-10,649.81,1950.79,1259.5,105.02,1.3543
2014-06-11,627.91,1943.89,1262,105.04,1.3532
2014-06-12,581.8,1930.11,1265.75,107.2,1.3556
2014-06-13,597.43,1936.16,1273,107.49,1.3522
2014-06-16,588.06,1937.78,1276.25,107.52,1.3578
2014-06-17,607.34,1941.99,1267.5,106.95,1.3543
2014-06-18,604.88,1956.98,1269.75,106.64,1.3567
2014-06-19,592.26,1959.48,1293,107.08,1.362
2014-06-20,588.52,1962.87,1312.5,107.95,1.3586
2014-06-23,587.46,1962.61,1313.5,106.83,1.3593
2014-06-24,575.07,1949.98,1318.5,106.64,1.3588
2014-06-25,562.13,1959.53,1316.75,107.04,1.3638
2014-06-26,579.38,1957.22,1311.75,106.49,1.361
2014-06-27,600.86,1960.96,1317.5,106.46,1.3631
2014-06-30,639.36,1960.23,1315,106.07,1.369
2014-07-01,635.59,1973.32,1327.5,106.06,1.3681
2014-07-02,647.34,1974.62,1326.5,105.18,1.3656
2014-07-03,640.69,1985.44,1317.5,104.76,1.361
2014-07-04,626.96,0,1319.25,0,0
2014-07-07,617.99,1977.65,1313,104.19,1.3604
2014-07-08,620.22,1963.71,1323,104.06,1.3614
2014-07-09,620.55,1972.83,1322.75,102.93,1.363
2014-07-10,615.11,1964.68,1340.25,103.61,1.36
2014-07-11,631.18,1967.57,1335,101.48,1.3598
2014-07-14,618.38,1977.1,1306,101.73,1.362
2014-07-15,619.36,1973.28,1310,100.56,1.3573
2014-07-16,615.2,1981.57,1301,101.88,1.353
2014-07-17,622.62,1958.12,1302.5,103.84,1.353
2014-07-18,628.22,1978.22,1307.25,103.83,1.3515
2014-07-21,620.01,1973.63,1311.5,105.34,1.3524
2014-07-22,618.81,1983.53,1310.25,104.59,1.347
2014-07-23,617.93,1987.01,1308,103.81,1.3462
2014-07-24,600.01,1987.98,1292.75,102.76,1.3468
2014-07-25,599.93,1978.34,1294.75,105.23,1.3431
2014-07-28,584.69,1978.91,1304.5,105.68,1.344
2014-07-29,582.2,1969.95,1299.25,104.91,1.341
2014-07-30,564.37,1970.07,1294.5,104.29,1.3378
2014-07-31,581.35,1930.67,1285.25,98.23,1.339
2014-08-01,595.08,1925.15,1291.25,97.86,1.3436
2014-08-04,586.76,1938.99,1290.5,98.26,1.3414
2014-08-05,583.11,1920.21,1284.75,97.34,1.3366
2014-08-06,583.04,1920.24,1306.5,96.93,1.3355
2014-08-07,587.4,1909.57,1305.25,97.34,1.3362
2014-08-08,590.53,1931.59,1309.75,97.61,1.3412
2014-08-11,573.31,1936.92,1307.25,98.09,1.3385
2014-08-12,568.21,1933.75,1315.75,97.36,1.3357
2014-08-13,544.57,1946.72,1312,97.57,1.3367
2014-08-14,508.55,1955.18,1313.5,95.54,1.3376
2014-08-15,496.62,1955.06,1296,97.3,1.3392
2014-08-18,460.67,1971.74,1296.75,96.44,1.3358
2014-08-19,486.74,1981.6,1296.5,94.35,1.332
2014-08-20,511.93,1986.51,1295,96.4,1.3284
2014-08-21,516.16,1992.37,1275.25,93.97,1.3284
2014-08-22,513.94,1988.4,1277.25,93.61,1.3237
2014-08-25,501.63,1997.92,0,95.39,1.3206
2014-08-26,513.47,2000.02,1286,95.78,1.3189
2014-08-27,510.43,2000.12,1282.75,95.82,1.3192
2014-08-28,507.02,1996.74,1292,96.44,1.3178
2014-08-29,508.42,2003.37,1285.75,97.86,1.315
2014-09-01,474.13,0,1286.5,0,0
2014-09-02,475.32,2002.28,1267,92.92,1.3124
2014-09-03,474.54,2000.72,1265.5,95.5,1.3136
2014-09-04,489.09,1997.65,1271.5,94.51,1.2926
2014-09-05,480.5,2007.71,1266,93.32,1.2956
2014-09-08,472.15,2001.54,1259,92.64,1.2948
2014-09-09,471.56,1988.44,1255.75,92.73,1.2909
2014-09-10,477.53,1995.69,1251,91.71,1.2908
2014-09-11,476.33,1997.45,1241.25,92.89,1.2936
2014-09-12,473.83,1985.54,1231.5,92.18,1.2955
2014-09-15,471.36,1984.13,1234.25,92.86,1.2951
2014-09-16,463.74,1998.98,1232.25,94.91,1.2976
2014-09-17,454.91,2001.57,1236,94.33,1.2958
2014-09-18,421.46,2011.36,1220.5,93.07,1.2913
2014-09-19,391.94,2010.4,1219.75,92.43,1.2835
2014-09-22,398.89,1994.29,1213.5,91.46,1.2829
2014-09-23,435.38,1982.77,1222,91.55,1.2858
2014-09-24,422.3,1998.3,1217.25,93.6,1.2788
2014-09-25,408.8,1965.99,1213.75,93.59,1.2748
2014-09-26,401.92,1982.85,1213.75,95.55,1.2686
2014-09-29,374.73,1977.8,1219.5,94.53,1.2703
2014-09-30,386.27,1972.29,1216.5,91.17,1.2628
2014-10-01,381.33,1946.16,1216.5,90.74,1.2618
2014-10-02,371.99,1946.17,1211.75,91.02,1.267
2014-10-03,356.56,1967.9,1195,89.76,1.2517
2014-10-06,328.46,1964.82,1195.75,90.33,1.2592
2014-10-07,334.09,1935.1,1210.5,88.89,1.2626
2014-10-08,352.79,1968.89,1217,87.29,1.2683
2014-10-09,363.78,1928.21,1226.75,85.76,1.2683
2014-10-10,358.69,1906.13,1219,85.87,1.2636
2014-10-13,388.38,1874.74,1229,85.73,0
2014-10-14,398.71,1877.7,1234.75,81.72,1.266
2014-10-15,391.84,1862.49,1237.5,81.82,1.2778
2014-10-16,380.08,1862.76,1237.75,82.33,1.2812
2014-10-17,380.42,1886.76,1234.25,82.8,1.2755
2014-10-20,379.37,1904.01,1244.5,82.76,1.2783
2014-10-21,382.38,1941.28,1250.25,83.25,1.2724
2014-10-22,379.1,1927.11,1243.75,80.52,1.2658
2014-10-23,355.86,1950.82,1232.75,82.81,1.2658
2014-10-24,355.17,1964.58,1232.75,81.27,1.2675
2014-10-27,348.96,1961.63,1228.75,81.26,1.2712
2014-10-28,351.9,1985.05,1229.25,81.36,1.2747
2014-10-29,333.38,1982.3,1223.5,82.25,1.2762
2014-10-30,343.78,1994.65,1202,81.06,1.2622
2014-10-31,336.8,2018.05,1164.25,80.53,1.253
2014-11-03,324.23,2017.81,1167.75,78.77,1.2487
2014-11-04,328.28,2012.1,1166.5,77.15,1.2554
2014-11-05,337.14,2023.57,1142,78.71,1.2488
2014-11-06,348.23,2031.21,1145,77.87,1.2414
2014-11-07,341.08,2031.92,1154.5,78.71,1.2422
2014-11-10,365.29,2038.26,1162,77.43,1.2425
2014-11-11,366.99,2039.68,1156.5,77.85,0
2014-11-12,427.24,2038.25,1164.5,77.16,1.2456
2014-11-13,417.15,2039.33,1161.75,74.13,1.2476
2014-11-14,398.43,2039.82,1169,75.91,1.2494
2014-11-17,385.86,2041.32,1182.5,75.64,1.2447
2014-11-18,372.38,2051.8,1192.75,74.55,1.2534
2014-11-19,377.24,2048.72,1196,74.55,1.2548
2014-11-20,356.14,2052.75,1190,75.63,1.2526
2014-11-21,348.86,2063.5,1203.75,76.52,1.2394
2014-11-24,375.24,2069.41,1197.5,75.74,1.2427
2014-11-25,375.72,2067.03,1199,74.04,1.2472
2014-11-26,368.51,2072.83,1197.5,73.7,1.2503
2014-11-27,369.14,0,1194.75,0,0
2014-11-28,375.85,2067.56,1182.75,65.94,1.2438
2014-12-01,378.64,2053.44,1194,68.98,1.249
2014-12-02,381.54,2066.55,1195,66.99,1.239
2014-12-03,374.97,2074.33,1204.75,67.3,1.2304
2014-12-04,369.15,2071.92,1209,66.73,1.2432
2014-12-05,376.04,2075.37,1194,65.89,1.2304
2014-12-08,360.94,2060.31,1193,63.13,1.2292
2014-12-09,351.27,2059.82,1227,63.74,1.2415
2014-12-10,344.62,2026.14,1229,60.99,1.2425
2014-12-11,347.13,2035.33,1216.25,60.01,1.2397
2014-12-12,350.94,2002.33,1217,57.81,1.2484
2014-12-15,345.1,1989.63,1209.25,55.96,1.247
2014-12-16,326.08,1972.74,1202.5,55.97,1.2504
2014-12-17,319.17,2012.89,1195.75,56.43,1.2406
2014-12-18,310.75,2061.23,1199,54.18,1.2291
2014-12-19,317.01,2070.65,1195.5,56.91,1.2235
2014-12-22,330.67,2078.54,1195.25,55.25,1.2252
2014-12-23,334.05,2082.17,1175.75,56.78,1.218
2014-12-24,321.88,2081.88,0,55.7,1.2188
2014-12-25,318.61,0,0,0,0
2014-12-26,327.16,2088.77,0,54.59,0
2014-12-29,312.44,2090.57,1185.5,53.46,1.2179
2014-12-30,309.87,2080.35,1206,54.14,1.2174
2014-12-31,319.7,2058.9,0,53.45,1.2101
2015-01-01,313.92,0,0,0,0
2015-01-02,314.59,2058.2,1172,52.72,1.2015
2015-01-05,272.95,2020.58,1200,50.05,1.1918
2015-01-06,285.58,2002.61,1210.25,47.98,1.1936
2015-01-07,294.88,2025.9,1210.5,48.69,1.182
2015-01-08,283.25,2062.14,1215.5,48.8,1.1811
2015-01-09,288.84,2044.81,1217.75,48.35,1.183
2015-01-12,267.09,2028.26,1226.5,46.06,1.1832
2015-01-13,226.98,2023.03,1231.5,45.92,1.1779
2015-01-14,177.28,2011.27,1235,48.49,1.1806
2015-01-15,210.46,1992.67,1259,46.37,1.1598
2015-01-16,207.22,2019.42,1277.5,48.49,1.1517
2015-01-19,213.98,0,1273.75,0,0
2015-01-20,210.48,2022.55,1288.75,46.79,1.1559
2015-01-21,225.98,2032.12,1293.5,47.85,1.1584
2015-01-22,232.66,2063.15,1295.75,45.93,1.1414
2015-01-23,232.97,2051.82,1294.75,45.26,1.1279
2015-01-26,271.95,2057.09,1281.25,44.8,1.129
2015-01-27,262.06,2029.55,1288.5,45.84,1.137
2015-01-28,233.21,2002.16,1288,44.08,1.1342
2015-01-29,232.4,2021.25,1268.75,44.12,1.1308
2015-01-30,226.5,1994.99,1260.25,47.79,1.129
2015-02-02,237.54,2020.85,1272.5,49.25,1.1337
2015-02-03,226.96,2050.03,1264.25,53.04,1.1462
2015-02-04,226.73,2041.51,1268.5,48.45,1.1418
2015-02-05,216.77,2062.52,1259.25,50.48,1.1432
2015-02-06,222.48,2055.47,1241,51.66,1.133
2015-02-09,220.17,2046.74,1238.5,52.99,1.1316
2015-02-10,220.08,2068.59,1234.5,50.06,1.1316
2015-02-11,219.49,2068.53,1223.75,48.8,1.13
2015-02-12,221.85,2088.48,1222.5,51.17,1.141
2015-02-13,235.79,2096.99,1232.5,52.66,1.1408
2015-02-16,233.56,0,1229.25,0,0
2015-02-17,243.6,2100.34,1209.5,53.56,1.1395
2015-02-18,236.21,2099.68,1206,52.13,1.1342
2015-02-19,239.83,2097.45,1209.5,51.12,1.1392
2015-02-20,243.78,2110.3,1208.25,49.95,1.1372
2015-02-23,238.08,2109.66,1204.5,49.56,1.1346
2015-02-24,238.76,2115.48,1192.5,48.48,1.1307
2015-02-25,237.25,2113.86,1204.75,50.25,1.1363
2015-02-26,236.1,2110.74,1208.25,47.65,1.1212
2015-02-27,252.51,2104.5,1214,49.84,1.1197
2015-03-02,271.35,2117.39,1212.5,49.59,1.119
2015-03-03,281.45,2107.78,1212.75,50.43,1.1212
2015-03-04,271.92,2098.53,1199.5,51.53,1.107
2015-03-05,274.86,2101.04,1202,50.76,1.1006
2015-03-06,272.21,2071.26,1175.75,49.61,1.0855
2015-03-09,288.52,2079.43,1168.5,49.95,1.0846
2015-03-10,290.51,2044.16,1162,48.42,1.0707
2015-03-11,295.83,2040.24,1150,48.06,1.0576
2015-03-12,293.87,2065.95,1152.25,47.12,1.0615
2015-03-13,284.28,2053.4,1152,44.88,1.0524
2015-03-16,290.38,2081.19,1150.75,43.93,1.0575
2015-03-17,284.46,2074.28,1150.75,43.39,1.0605
2015-03-18,255.37,2099.5,1147.25,44.63,1.0643
2015-03-19,259.74,2089.27,1166,44.02,1.0621
2015-03-20,260.84,2108.1,1183.1,46,1.0792
2015-03-23,265.94,2104.42,1186.25,47.4,1.0928
2015-03-24,245.44,2091.5,1191.5,47.03,1.0908
2015-03-25,246.13,2061.05,1195.6,48.75,1.0986
2015-03-26,247.65,2056.15,1203.15,51.41,1.0919
2015-03-27,246.58,2061.02,1195.75,48.83,1.0891
2015-03-30,246.85,2086.24,1185.5,48.66,1.0818
2015-03-31,243.39,2067.89,1187,47.72,1.0741
2015-04-01,246.55,2059.69,1197,50.12,1.0768
2015-04-02,252.26,2066.96,1198.5,49.13,1.0874
2015-04-03,253.54,0,0,0,1.099
2015-04-06,254.52,2080.62,0,52.08,1.1008
2015-04-07,252.8,2076.33,1211,53.95,1.085
2015-04-08,244.36,2081.9,1207.25,50.44,1.0818
2015-04-09,243.26,2091.18,1194.8,50.79,1.0671
2015-04-10,235.22,2102.06,1207.35,51.63,1.0598
2015-04-13,223.41,2092.43,1198.9,51.95,1.0582
2015-04-14,218.27,2095.84,1194.75,53.3,1.0672
2015-04-15,223.57,2106.63,1192.9,56.25,1.0596
2015-04-16,228.11,2104.99,1204.35,56.69,1.0742
2015-04-17,222.23,2081.18,1203.35,55.71,1.078
2015-04-20,224.31,2100.4,1196.5,56.37,1.0763
2015-04-21,235.81,2097.29,1195.3,55.58,1.0758
2015-04-22,233.92,2107.96,1189.25,56.17,1.0729
2015-04-23,235.56,2112.93,1185.75,56.59,1.0803
2015-04-24,230.79,2117.69,1183,55.98,1.0876
2015-04-27,228.5,2108.92,1200,55.56,1.0892
2015-04-28,225.68,2114.76,1209,57.05,1.0979
2015-04-29,225.98,2106.85,1209,58.55,1.1174
2015-04-30,236.57,2085.51,1180.25,59.62,1.1162
2015-05-01,232.12,2108.29,1175.95,59.1,1.1194
2015-05-04,238.77,2114.49,0,58.92,1.1145
2015-05-05,236.55,2089.46,1197,60.38,1.1174
2015-05-06,230.05,2080.15,1194.25,60.93,1.1345
2015-05-07,237.78,2088,1187,58.99,1.1283
2015-05-08,243.39,2116.1,1186,59.41,1.1241
2015-05-11,241.85,2105.33,1189.25,59.23,1.1142
2015-05-12,240.99,2099.12,1191.5,60.72,1.124
2015-05-13,235.8,2098.48,1210.5,60.5,1.1372
2015-05-14,236.74,2121.1,1225,59.89,1.1368
2015-05-15,237.31,2122.73,1220.5,59.73,1.1428
2015-05-18,232.87,2129.2,1223.5,59.44,1.1354
2015-05-19,231.94,2127.83,1214.3,57.3,1.1151
2015-05-20,234.25,2125.85,1210.5,58.96,1.1079
2015-05-21,235.3,2130.82,1205,60.18,1.1126
2015-05-22,240.52,2126.06,1204.1,58.88,1.1033
2015-05-25,237.49,0,0,0,0
2015-05-26,237.33,2104.2,1185.4,57.29,1.0876
2015-05-27,237.18,2123.48,1185.85,57.51,1.0888
2015-05-28,237.47,2120.79,1185,57.69,1.0914
2015-05-29,237.1,2107.39,1191.4,60.25,1.0994
2015-06-01,223.31,2111.73,1199.9,60.24,1.0913
2015-06-02,225.75,2109.6,1192.8,61.3,1.113
2015-06-03,225.65,2114.07,1190,59.67,1.1285
2015-06-04,224.37,2095.84,1176,58,1.1271
2015-06-05,225.04,2092.83,1164.6,59.11,1.1108
2015-06-08,228.65,2079.28,1172.8,58.15,1.1232
2015-06-09,229.33,2080.15,1177.4,60.15,1.1284
2015-06-10,228.95,2105.2,1188.5,61.36,1.1307
2015-06-11,230.02,2108.86,1178.5,60.74,1.1236
2015-06-12,230.2,2094.11,1182.8,59.96,1.1278
2015-06-15,237.31,2084.43,1181.4,59.53,1.1266
2015-06-16,250.9,2096.29,1177.75,60.01,1.1238
2015-06-17,249.17,2100.44,1178,59.89,1.1244
2015-06-18,248.87,2121.24,1201.85,60.41,1.1404
2015-06-19,243.55,2109.99,1203.4,59.62,1.1335
2015-06-22,246.77,2122.85,1185.5,60.01,1.1378
2015-06-23,243.99,2124.2,1178,61.05,1.119
2015-06-24,240.22,2108.58,1173.75,60.01,1.1178
2015-06-25,242.42,2102.31,1172.65,59.59,1.1196
2015-06-26,242.64,2101.49,1170.5,59.41,1.1156
2015-06-29,256.49,2057.64,1176,58.34,1.118
2015-06-30,262.48,2063.11,1171,59.48,1.1154
2015-07-01,257.66,2077.42,1168,56.94,1.1084
2015-07-02,254.35,2076.78,1165.25,56.93,1.109
2015-07-03,255.6,0,1167.95,0,0
2015-07-06,268.49,2068.76,1166,52.48,1.1076
2015-07-07,264.96,2081.34,1156.25,52.33,1.0952
2015-07-08,269.65,2046.68,1158.5,51.61,1.1072
2015-07-09,268.11,2051.31,1164.25,52.76,1.1025
2015-07-10,283.88,2076.62,1159.3,52.74,1.115
2015-07-13,290.88,2099.6,1154,52.19,1.102
2015-07-14,286.19,2108.95,1157.4,53.05,1.1015
2015-07-15,283.82,2107.4,1147.4,51.4,1.0965
2015-07-16,277.83,2124.29,1144.4,50.9,1.0898
2015-07-17,278.49,2126.64,1132.8,50.88,1.0848
2015-07-20,278.41,2128.28,1104.6,50.11,1.085
2015-07-21,275.1,2119.21,1105.6,50.59,1.0927
2015-07-22,276.62,2114.15,1088.6,49.27,1.0884
2015-07-23,275.63,2102.15,1097.4,48.11,1.0976
2015-07-24,287.97,2079.65,1080.8,47.98,1.0976
2015-07-27,292.73,2067.64,1100,47.17,1.1112
2015-07-28,293.79,2093.25,1096.2,47.97,1.1055
2015-07-29,288.77,2108.57,1090.25,48.77,1.1026
2015-07-30,287.29,2108.63,1087.5,48.53,1.0914
2015-07-31,283.94,2103.84,1098.4,47.11,1.1028
2015-08-03,280.48,2098.04,1091.9,45.25,1.0962
2015-08-04,284.5,2093.32,1090.65,45.75,1.0953
2015-08-05,281.38,2099.84,1085.1,45.13,1.0868
2015-08-06,278.25,2083.56,1089.75,44.69,1.0922
2015-08-07,279.03,2077.57,1093.5,43.87,1.0958
2015-08-10,263.76,2104.18,1097,44.94,1.0994
2015-08-11,270.92,2084.07,1108.25,43.11,1.1042
2015-08-12,265.64,2086.05,1119,43.22,1.1198
2015-08-13,263.34,2083.39,1116.75,42.27,1.1144
2015-08-14,264.87,2091.54,1118.25,42.45,1.111
2015-08-17,256.98,2102.44,1118.8,41.93,1.1078
2015-08-18,219,2096.92,1111.45,42.58,1.1028
2015-08-19,225.39,2079.61,1126.15,40.75,1.1061
2015-08-20,234.69,2035.73,1147.7,41,1.12
2015-08-21,231.94,1970.89,1156.5,40.45,1.1356
2015-08-24,209.13,1893.21,1166.5,38.22,1.158
2015-08-25,221.71,1867.61,1137.5,39.15,1.141
2015-08-26,225.38,1940.51,1120.75,38.5,1.139
2015-08-27,224.26,1987.66,1119,42.47,1.1239
2015-08-28,230.98,1988.87,1135,45.29,1.1172
2015-08-31,230.02,1972.18,0,49.2,1.1194
2015-09-01,227.35,1913.85,1142.3,45.38,1.1263
2015-09-02,228.86,1948.86,1137.75,46.3,1.1242
2015-09-03,226.76,1951.13,1128,46.75,1.1104
2015-09-04,230.09,1921.22,1118.25,46.02,1.1117
2015-09-07,240.02,0,1119.5,0,0
2015-09-08,243.55,1969.41,1121.15,45.92,1.1182
2015-09-09,238.29,1942.04,1109.85,44.13,1.1165
2015-09-10,238.59,1952.29,1109.5,45.85,1.1262
2015-09-11,240.08,1961.05,1100.25,44.75,1.1338
2015-09-14,230.24,1953.03,1104.8,44.07,1.1307
2015-09-15,229.92,1978.09,1105.95,44.58,1.126
2015-09-16,228.8,1995.31,1117.6,47.12,1.1304
2015-09-17,232.79,1990.2,1117.5,46.93,1.1312
2015-09-18,232.72,1958.03,1141.5,44.71,1.1358
2015-09-21,226.61,1966.97,1133.25,46.67,1.1204
2015-09-22,230.52,1942.74,1122.9,46.17,1.1133
2015-09-23,229.96,1938.76,1131.35,44.53,1.116
2015-09-24,234.28,1932.24,1154.5,44.94,1.1252
2015-09-25,234.84,1931.34,1146.65,45.55,1.1192
2015-09-28,239.34,1881.77,1131.05,44.4,1.1236
2015-09-29,236.62,1884.09,1132.1,45.24,1.1246
2015-09-30,236.25,1920.03,1114,45.06,1.1162
2015-10-01,237.57,1923.82,1119,44.75,1.12
2015-10-02,237.4,1951.36,1140.75,45.54,1.1276
2015-10-05,240.59,1987.05,1139.75,46.28,1.12
2015-10-06,246.42,1979.92,1147.5,48.53,1.1266
2015-10-07,243.27,1995.83,1144.6,47.86,1.1249
2015-10-08,242.69,2013.43,1140,49.46,1.1282
2015-10-09,244.32,2014.89,1151.55,49.67,1.1363
2015-10-12,245.59,2017.46,1164.9,47.09,0
2015-10-13,249.94,2003.69,1165.2,46.7,1.1382
2015-10-14,252.59,1994.24,1173.9,46.63,1.1437
2015-10-15,254.81,2023.86,1184.25,46.38,1.1418
2015-10-16,262.94,2033.11,1180.85,47.3,1.136
2015-10-19,264.42,2033.66,1175.4,45.91,1.132
2015-10-20,270.22,2030.77,1177.75,45.84,1.1359
2015-10-21,267.33,2018.94,1167.1,45.22,1.1345
2015-10-22,274.41,2052.51,1167,44.9,1.114
2015-10-23,277.46,2075.15,1161.25,43.91,1.1016
2015-10-26,286.13,2071.18,1166.4,43.19,1.1051
2015-10-27,294.4,2065.89,1165.7,43.21,1.1052
2015-10-28,303.89,2090.35,1179.6,45.93,1.1066
2015-10-29,313.59,2089.41,1148.6,46.02,1.0963
2015-10-30,326,2079.36,1142.35,46.6,1.1042
2015-11-02,359.35,2104.05,1134,46.12,1.1026
2015-11-03,400.71,2109.79,1123.1,47.88,1.0946
2015-11-04,408.74,2102.31,1114.7,46.32,1.0861
2015-11-05,387.51,2099.93,1106.3,45.27,1.0869
2015-11-06,374.95,2099.2,1088.9,44.32,1.0746
2015-11-09,380.04,2078.58,1089.6,43.87,1.0767
2015-11-10,337.93,2081.72,1087.1,44.23,1.0686
2015-11-11,312.58,2075,1085.9,42.95,0
2015-11-12,336.86,2045.97,1087.4,41.74,1.0768
2015-11-13,337.29,2023.04,1081.5,40.69,1.0722
2015-11-16,331.59,2053.19,1084.75,41.68,1.0708
2015-11-17,335.77,2050.44,1079.2,40.73,1.0634
2015-11-18,334.97,2083.58,1067.75,40.75,1.0638
2015-11-19,326.31,2081.24,1082.6,40.55,1.0746
2015-11-20,321.99,2089.17,1081.75,39.39,1.066
2015-11-23,323.26,2086.59,1070.5,39.27,1.0602
2015-11-24,320.16,2089.14,1076.4,40.89,1.0652
2015-11-25,328.98,2088.87,1068,41.22,1.0616
2015-11-26,353.3,0,1071,0,0
2015-11-27,358.18,2090.11,1057.4,40.57,1.0596
2015-11-30,376.91,2080.41,1061.9,40.43,1.0562
2015-12-01,362.73,2102.63,1065.4,40.58,1.062
2015-12-02,359.43,2079.51,1055.4,39.93,1.0573
2015-12-03,361.31,2049.62,1055.45,41.08,1.0902
2015-12-04,363.48,2091.69,1079.25,40,1.0884
2015-12-07,395.86,2077.07,1075.8,37.64,1.084
2015-12-08,418.14,2063.59,1072.1,37.46,1.0876
2015-12-09,418.04,2047.62,1081,37.16,1.0984
2015-12-10,415.25,2052.23,1071,36.76,1.0948
2015-12-11,453.9,2012.37,1072.5,35.65,1.1002
2015-12-14,443.84,2021.94,1068.25,36.31,1.1025
2015-12-15,465.5,2043.41,1061.5,37.32,1.0911
2015-12-16,455.37,2073.07,1075.25,35.55,1.0937
2015-12-17,455.99,2041.89,1049.4,34.98,1.0804
2015-12-18,463.84,2005.55,1062.5,34.72,1.0847
2015-12-21,437.76,2021.15,1078.75,34.55,1.092
2015-12-22,435.5,2038.97,1074.9,36.12,1.0978
2015-12-23,442.84,2064.29,1068.25,36.76,1.0875
2015-12-24,454.85,2060.99,0,37.62,1.0955
2015-12-25,455.31,0,0,0,0
2015-12-28,421.26,2056.5,0,36.36,1.0983
2015-12-29,432.62,2078.36,1070.1,37.88,1.0916
2015-12-30,426.14,2063.36,1060,36.59,1.0912
2015-12-31,430.05,2043.94,0,37.13,1.0859
2016-01-01,434.46,0,0,0,0
2016-01-04,433.49,2012.66,1082.25,36.81,1.0803
2016-01-05,432.25,2016.71,1077,35.97,1.0743
2016-01-06,429.46,1990.26,1091.4,33.97,1.0762
2016-01-07,458.28,1943.09,1106.35,33.29,1.086
2016-01-08,453.37,1922.03,1101.85,33.2,1.0885
2016-01-11,448.38,1923.67,1100.75,31.42,1.0878
2016-01-12,432.88,1938.68,1085.4,30.42,1.0837
2016-01-13,432.04,1890.28,1088.15,30.42,1.0862
2016-01-14,429.73,1921.84,1088.4,31.22,1.0862
2016-01-15,358.77,1880.33,1093.75,29.45,1.0964
2016-01-18,385.84,0,1089.2,0,0
2016-01-19,377.74,1881.33,1086.25,28.47,1.0906
2016-01-20,418.74,1859.33,1101.75,26.68,1.0908
2016-01-21,409.94,1868.99,1096.5,29.55,1.0833
2016-01-22,381.76,1906.9,1096.25,32.07,1.0814
2016-01-25,390.66,1877.08,1106.6,30.31,1.0832
2016-01-26,391.43,1903.63,1113.6,29.54,1.0846
2016-01-27,394.63,1882.95,1116.25,32.32,1.0867
2016-01-28,379.38,1893.36,1114,33.21,1.0952
2016-01-29,378.2,1940.24,1111.8,33.66,1.0832
2016-02-01,371.25,1939.38,1126.5,31.62,1.0888
2016-02-02,372.88,1903.03,1128.5,29.9,1.0908
2016-02-03,368.93,1912.53,1132,32.29,1.1051
2016-02-04,388.61,1915.45,1156.35,31.63,1.1199
2016-02-05,385.34,1880.05,1150.35,30.86,1.1131
2016-02-08,371.1,1853.44,1193.25,29.71,1.117
2016-02-09,373.32,1852.21,1191,27.96,1.13
2016-02-10,379.96,1851.86,1190,27.54,1.1222
2016-02-11,377.72,1829.08,1241,26.19,1.1362
2016-02-12,383.13,1864.78,1239.75,29.32,1.1235
2016-02-15,399.48,0,1208.2,0,0
2016-02-16,407.36,1895.58,1209.5,29.05,1.114
2016-02-17,415.56,1926.82,1210,30.68,1.114
2016-02-18,421.64,1917.83,1210.1,30.77,1.1092
2016-02-19,420.33,1917.78,1231.15,29.59,1.1127
2016-02-22,438.07,1945.5,1211,31.37,1.1018
2016-02-23,419.98,1921.27,1221.35,31.84,1.1016
2016-02-24,424.36,1929.8,1250.75,30.35,1.1021
2016-02-25,423.52,1951.7,1236,31.4,1.1026
2016-02-26,432.06,1948.05,1226.5,31.65,1.0932
2016-02-29,436.61,1932.23,1234.9,32.74,1.0868
2016-03-01,433.64,1978.35,1236.5,34.39,1.0847
2016-03-02,421.6,1986.45,1239.2,34.57,1.0845
2016-03-03,419.47,1993.4,1250.25,34.56,1.0948
2016-03-04,407.98,1999.99,1277.5,35.91,1.101
2016-03-07,412.98,2001.76,1267.9,37.9,1.1004
2016-03-08,411.76,1979.26,1267,36.67,1.1028
2016-03-09,412.62,1989.26,1246.4,37.62,1.1022
2016-03-10,416.16,1989.57,1266.5,37.77,1.1162
2016-03-11,419.89,2022.19,1264.75,38.51,1.118
2016-03-14,415.09,2019.64,1242.75,37.2,1.1107
2016-03-15,415.38,2015.93,1232,36.32,1.1112
2016-03-16,416.25,2027.22,1228.5,38.43,1.1075
2016-03-17,418.45,2040.59,1266.5,40.17,1.1316
2016-03-18,408.04,2049.58,1252.1,39.47,1.1292
2016-03-21,411.42,2051.6,1244.9,39.91,1.126
2016-03-22,416.93,2049.8,1252.5,41.45,1.1228
2016-03-23,417.39,2036.71,1217.6,38.28,1.1174
2016-03-24,414.34,2035.94,1221,38.14,1.1163
2016-03-25,415.69,0,0,0,1.1164
2016-03-28,422.76,2037.05,0,37.99,1.121
2016-03-29,415.55,2055.01,1226,36.91,1.1204
2016-03-30,412.69,2063.95,1236.25,36.91,1.133
2016-03-31,415.16,2059.74,1237,36.94,1.139
2016-04-01,417.01,2072.78,1213.6,35.36,1.1385
2016-04-04,419.42,2066.13,1219.75,34.3,1.1386
2016-04-05,422.65,2045.17,1231.25,34.52,1.1374
2016-04-06,421.7,2066.66,1221.4,37.74,1.143
2016-04-07,421.2,2041.91,1242.1,37.3,1.1386
2016-04-08,418.09,2047.6,1239.5,39.74,1.1406
2016-04-11,422.99,2041.99,1254.75,40.46,1.1412
2016-04-12,425.99,2061.72,1254.6,42.12,1.1395
2016-04-13,424.4,2082.42,1245.75,41.7,1.1281
2016-04-14,425.11,2082.78,1233.85,41.45,1.1262
2016-04-15,429.98,2080.73,1227.1,40.4,1.1295
2016-04-18,429.05,2094.34,1234.3,39.74,1.1322
2016-04-19,436.1,2100.8,1255.4,40.88,1.1375
2016-04-20,442.16,2102.4,1252,42.72,1.133
2016-04-21,451.1,2091.48,1249.25,43.18,1.1301
2016-04-22,447.64,2091.58,1243.25,42.76,1.1239
2016-04-25,462.51,2087.79,1238.9,41.67,1.1274
2016-04-26,467.8,2091.7,1241.7,42.52,1.1318
2016-04-27,445.01,2095.15,1247.4,45.29,1.1322
2016-04-28,449.86,2075.81,1256,46.03,1.1325
2016-04-29,456.35,2065.3,1285.65,45.98,1.1441
2016-05-02,444.51,2081.43,0,44.75,1.1516
2016-05-03,450.27,2063.37,1294,43.65,1.1508
2016-05-04,446.96,2051.12,1283,43.77,1.1486
2016-05-05,448.53,2050.63,1280.25,44.33,1.1404
2016-05-06,460.37,2057.14,1289,44.58,1.1421
2016-05-09,461.49,2058.69,1265.25,43.45,1.1402
2016-05-10,450.99,2084.39,1262.8,44.68,1.1386
2016-05-11,452.11,2064.46,1276.85,46.21,1.1444
2016-05-12,454.82,2064.11,1279.25,46.64,1.138
2016-05-13,455.73,2046.61,1265.9,46.22,1.1294
2016-05-16,453.41,2066.66,1285.75,47.72,1.1328
2016-05-17,452.75,2047.21,1277,48.29,1.1337
2016-05-18,453.38,2047.63,1272.9,48.12,1.1276
2016-05-19,436.73,2040.04,1246.25,48.16,1.1214
2016-05-20,442.95,2052.32,1254.2,47.67,1.1207
2016-05-23,443.73,2048.04,1245.9,48.12,1.1192
2016-05-24,445.13,2076.06,1236.85,48.04,1.1145
2016-05-25,449.23,2090.54,1220.6,49.1,1.1154
2016-05-26,453.82,2090.1,1223.85,49,1.1184
2016-05-27,473.47,2099.06,1216.25,49.36,1.114
2016-05-30,532.59,0,0,0,0
2016-05-31,531.8,2096.96,1212.1,49.1,1.1135
2016-06-01,536.42,2099.33,1214.5,49.07,1.1165
2016-06-02,538.14,2105.26,1212.4,49.14,1.1157
2016-06-03,570.47,2099.13,1240.5,48.69,1.133
2016-06-06,585.53,2109.41,1244,49.71,1.1354
2016-06-07,577.86,2112.13,1241,50.37,1.135
2016-06-08,583.1,2119.12,1263,51.23,1.14
2016-06-09,576.45,2115.48,1263.9,50.52,1.1329
2016-06-10,579.13,2096.07,1275.5,49.09,1.1281
2016-06-13,705.62,2079.06,1280.8,48.89,1.1282
2016-06-14,685.99,2075.32,1287.15,48.49,1.1206
2016-06-15,696.32,2071.5,1283.3,47.92,1.1239
2016-06-16,768.24,2077.99,1310.75,46.14,1.1158
2016-06-17,747.55,2071.22,1290.7,48,1.1256
2016-06-20,727.95,2083.25,1281.8,49.4,1.1318
2016-06-21,665.88,2088.9,1272.6,48.95,1.1262
2016-06-22,602.89,2085.45,1264.85,49.16,1.1286
2016-06-23,625.49,2113.32,1262.15,49.34,1.1373
2016-06-24,665.16,2037.41,1315.5,46.7,1.1126
2016-06-27,658.4,2000.54,1324.55,45.8,1.1024
2016-06-28,646.3,2036.09,1309.7,47.93,1.1054
2016-06-29,639.08,2070.77,1321.5,49.85,1.1117
2016-06-30,672.48,2098.86,1320.75,48.27,1.1032
2016-07-01,676.52,2102.95,1340,49.02,1.1145
2016-07-04,681.63,0,1350.75,0,0
2016-07-05,668.09,2088.55,1350.75,46.73,1.108
2016-07-06,676.11,2099.73,1366.25,47.37,1.1077
2016-07-07,639.76,2097.9,1356.7,45.22,1.1065
2016-07-08,664.74,2129.9,1354.25,45.37,1.1038
2016-07-11,649.03,2137.16,1357.1,44.73,1.1045
2016-07-12,664.84,2152.14,1342.4,46.82,1.1074
2016-07-13,653.93,2152.43,1342.75,44.87,1.1112
2016-07-14,659.64,2163.75,1323.6,45.64,1.1109
2016-07-15,664.88,2161.74,1327,45.93,1.1059
2016-07-18,673.59,2166.89,1334.7,45.23,1.1076
2016-07-19,673.84,2163.78,1330.9,44.64,1.1014
2016-07-20,666.18,2173.02,1315.9,44.96,1.1007
2016-07-21,665.1,2165.17,1321.15,43.96,1.1016
2016-07-22,650.82,2175.03,1320.75,43.41,1.0968
2016-07-25,655.13,2168.48,1313.15,42.4,1.098
2016-07-26,651.08,2169.18,1323,42.16,1.0984
2016-07-27,655.44,2166.58,1329,41.9,1.0988
2016-07-28,655.63,2170.06,1341.75,41.13,1.1094
2016-07-29,656.67,2173.6,1342,41.54,1.1168
2016-08-01,607.37,2170.84,1349.65,40.05,1.1176
2016-08-02,552.82,2157.03,1363.75,39.5,1.1225
2016-08-03,565.26,2163.79,1358.9,40.8,1.117
2016-08-04,578.32,2164.25,1362.75,41.92,1.1134
2016-08-05,574.96,2182.87,1340.4,41.83,1.108
2016-08-08,590.62,2180.89,1336.8,43.06,1.1078
2016-08-09,584.76,2181.74,1341,42.78,1.111
2016-08-10,592.89,2175.49,1347.7,41.75,1.1171
2016-08-11,586.52,2185.79,1355,43.51,1.1168
2016-08-12,586.03,2184.05,1352.2,44.47,1.1172
2016-08-15,567.2,2190.15,1339.4,45.72,1.1199
2016-08-16,576.25,2178.15,1344,46.57,1.1277
2016-08-17,571.74,2182.22,1343.35,46.81,1.1263
2016-08-18,572.5,2187.02,1350.05,48.2,1.1334
2016-08-19,573.66,2183.87,1346.4,48.48,1.1326
2016-08-22,584.73,2182.64,1335.9,46.8,1.1314
2016-08-23,581.28,2186.9,1342,47.54,1.1308
2016-08-24,577.99,2175.44,1327.25,46.29,1.1256
2016-08-25,575.73,2172.47,1321.3,46.97,1.1274
2016-08-26,578.16,2169.04,1318.75,47.64,1.1237
2016-08-29,572.36,2180.38,0,46.97,1.1182
2016-08-30,576,2176.12,1318.15,46.32,1.115
2016-08-31,572.33,2170.95,1309.25,44.68,1.1146
2016-09-01,571.69,2170.86,1309.5,43.17,1.1194
2016-09-02,574.15,2179.98,1324.7,44.39,1.1158
2016-09-05,606.03,0,1326.35,0,0
2016-09-06,611.07,2186.48,1337.25,44.85,1.1237
2016-09-07,614.79,2186.16,1348.35,45.47,1.1238
2016-09-08,624.95,2181.3,1343.4,47.63,1.1256
2016-09-09,621.8,2127.81,1330.85,45.88,1.1214
2016-09-12,606.31,2159.04,1324.6,46.28,1.123
2016-09-13,606.92,2127.02,1323.65,44.91,1.1242
2016-09-14,608.22,2125.77,1321.75,43.62,1.1271
2016-09-15,605.21,2147.26,1310.8,43.85,1.1246
2016-09-16,606.33,2139.16,1308.35,43.04,1.116
2016-09-19,608.53,2139.12,1314.85,43.34,1.1179
2016-09-20,599.47,2139.76,1313.8,43.85,1.1172
2016-09-21,595.8,2163.12,1326.1,45.33,1.1165
2016-09-22,595.03,2177.18,1339.1,46.1,1.1229
2016-09-23,601.71,2164.69,1338.65,44.36,1.1223
2016-09-26,606.81,2146.1,1340.5,45.6,1.127
2016-09-27,604.76,2159.93,1327,44.65,1.1208
2016-09-28,603.52,2171.37,1322.5,47.07,1.12
2016-09-29,605.06,2151.13,1318.1,47.72,1.1244
2016-09-30,608.44,2168.27,1322.5,47.72,1.1238
2016-10-03,612.34,2161.2,1313.3,48.8,1.121
2016-10-04,609.37,2150.49,1283.3,48.67,1.1212
2016-10-05,610.88,2159.73,1269.4,49.75,1.1196
2016-10-06,610.9,2160.77,1254.5,50.44,1.1158
2016-10-07,616.49,2153.74,1258.75,49.76,1.1156
2016-10-10,617.42,2163.66,1259.5,49.76,0
2016-10-11,639.37,2136.73,1253.45,50.72,1.1062
2016-10-12,635.08,2139.18,1256.5,50.14,1.1014
2016-10-13,635.02,2132.55,1261.05,50.47,1.1038
2016-10-14,638.37,2132.98,1251.75,50.35,1.0985
2016-10-17,636.92,2126.5,1254.8,49.97,1.1
2016-10-18,635.51,2139.6,1258.2,50.3,1.0997
2016-10-19,628.15,2144.29,1269.05,51.59,1.0966
2016-10-20,628.62,2141.34,1271.65,50.31,1.0934
2016-10-21,630.15,2141.16,1266.05,50.61,1.0866
2016-10-24,648.4,2151.33,1265.55,50.18,1.0888
2016-10-25,652.89,2143.16,1269.4,49.45,1.089
2016-10-26,674.36,2139.43,1270.5,48.75,1.0916
2016-10-27,686.52,2133.04,1266.25,49.71,1.0904
2016-10-28,688.1,2126.41,1273,48.72,1.0934
2016-10-31,697.37,2126.15,1272,46.83,1.0962
2016-11-01,729.27,2111.72,1288.45,46.66,1.1042
2016-11-02,742.46,2097.94,1303.75,45.32,1.1119
2016-11-03,687.51,2088.66,1301,44.66,1.1094
2016-11-04,702.54,2085.18,1302.8,44.07,1.1121
2016-11-07,704.02,2131.52,1283.05,44.88,1.1038
2016-11-08,709.15,2139.56,1282.35,44.96,1.1034
2016-11-09,721.19,2163.26,1281.4,45.2,1.0952
2016-11-10,713.67,2167.48,1267.5,44.62,1.0882
2016-11-11,716.56,2164.45,1236.45,43.39,0
2016-11-14,706.39,2164.2,1213.6,43.29,1.0723
2016-11-15,711.96,2180.39,1226.95,45.86,1.0726
2016-11-16,742.07,2176.94,1229.2,45.56,1.0699
2016-11-17,735.41,2187.12,1226.75,45.37,1.0656
2016-11-18,749.68,2181.9,1211,45.69,1.06
2016-11-21,736.72,2198.18,1214.25,47.48,1.0597
2016-11-22,748.22,2202.94,1212.25,48.07,1.0618
2016-11-23,741.6,2204.72,1185.35,46.72,1.056
2016-11-24,736.4,0,1186.1,0,0
2016-11-25,738.28,2213.35,1187.7,46.72,1.0595
2016-11-28,731.75,2201.72,1187,45.66,1.0576
2016-11-29,731.76,2204.66,1186.55,45.29,1.0626
2016-11-30,742.01,2198.81,1178.1,49.41,1.0578
2016-12-01,753.25,2191.08,1161.85,51.08,1.0634
2016-12-02,771.41,2191.95,1173.5,51.7,1.0666
2016-12-05,750.71,2204.71,1162.2,51.72,1.0723
2016-12-06,758.81,2212.23,1172.5,50.95,1.0717
2016-12-07,763.9,2241.35,1177.65,49.85,1.0758
2016-12-08,766.75,2246.19,1171.05,50.84,1.0625
2016-12-09,770.41,2259.53,1163.6,51.51,1.0541
2016-12-12,777.91,2256.96,1156.1,52.74,1.0606
2016-12-13,775.25,2271.72,1158.55,52.99,1.0635
2016-12-14,776.64,2253.28,1162.25,51.01,1.0656
2016-12-15,775.48,2262.03,1126.95,50.9,1.0375
2016-12-16,780.85,2258.07,1131.6,51.93,1.0456
2016-12-19,790.16,2262.53,1136.25,52.13,1.0444
2016-12-20,798.78,2270.76,1125.7,52.22,1.039
2016-12-21,833.1,2265.18,1133.65,51.44,1.0425
2016-12-22,858.74,2260.96,1131.35,51.98,1.0452
2016-12-23,916.79,2263.79,0,52.01,1.0449
2016-12-26,902.55,0,0,0,0
2016-12-27,931.11,2268.88,0,52.82,1.0458
2016-12-28,978.01,2249.92,1134.6,54.01,1.0389
2016-12-29,969.62,2249.26,1145.9,53.8,1.0486
2016-12-30,960.47,2238.83,0,53.75,1.0552
2017-01-02,1018.05,0,0,0,0
2017-01-03,1030.82,2257.83,1151,52.36,1.0416
2017-01-04,1129.87,2270.75,1164.25,53.26,1.0476
2017-01-05,1005.81,2269,1176.7,53.77,1.0598
2017-01-06,895.67,2276.98,1175.85,53.98,1.056
2017-01-09,899.35,2268.9,1178.5,51.95,1.0576
2017-01-10,904.79,2268.9,1189.5,50.82,1.0572
2017-01-11,775.98,2275.32,1178.55,52.19,1.0501
2017-01-12,802.83,2270.44,1205.05,53.01,1.0666
2017-01-13,826.12,2274.64,1190.35,52.36,1.0625
2017-01-16,830.26,0,1203,0,0
2017-01-17,904.45,2267.89,1216.05,52.45,1.0695
2017-01-18,884.25,2271.89,1214.75,51.12,1.0682
2017-01-19,898.02,2263.69,1196.05,51.39,1.063
2017-01-20,891.62,2271.31,1200.55,52.33,0
2017-01-23,912.69,2265.2,1212.85,52.77,1.074
2017-01-24,885.65,2280.07,1216.8,52.38,1.0749
2017-01-25,894.11,2298.37,1195,52.14,1.0743
2017-01-26,915.1,2296.68,1189.7,53.24,1.067
2017-01-27,918.56,2294.69,1184.85,53.18,1.069
2017-01-30,920.24,2280.9,1192.8,52.63,1.0681
2017-01-31,967.67,2278.87,1212.8,52.75,1.0794
2017-02-01,987.35,2279.55,1203.65,53.9,1.0758
2017-02-02,1007.79,2280.85,1221.95,53.55,1.0802
2017-02-03,1018.11,2297.42,1215.2,53.81,1.0792
2017-02-06,1024.61,2292.56,1226.75,53.01,1.0731
2017-02-07,1052.54,2293.08,1231,52.19,1.069
2017-02-08,1054.34,2294.67,1242.1,52.37,1.0708
2017-02-09,988.95,2307.87,1236.8,52.99,1.0658
2017-02-10,993.08,2316.1,1228.3,53.84,1.065
2017-02-13,996.86,2328.25,1222.25,52.96,1.0603
2017-02-14,1009.25,2337.58,1230.75,53.21,1.0577
2017-02-15,1009.12,2349.25,1224.4,53.11,1.0597
2017-02-16,1034.08,2347.22,1240.55,53.41,1.066
2017-02-17,1053.12,2351.16,1241.95,53.41,1.0614
2017-02-20,1083.24,0,1237.3,0,0
2017-02-21,1123.66,2365.38,1233.2,54.02,1.0551
2017-02-22,1122.19,2362.82,1236.65,53.61,1.0555
2017-02-23,1178.38,2363.81,1247.9,54.48,1.0586
2017-02-24,1180.92,2367.34,1253.65,53.99,1.058
2017-02-27,1194.28,2369.75,1257.2,54.04,1.0624
2017-02-28,1190.89,2363.64,1255.6,54,1.0618
2017-03-01,1230.02,2395.96,1240.4,53.82,1.0564
2017-03-02,1260.92,2381.92,1238.1,52.63,1.0514
2017-03-03,1290.79,2383.12,1226.5,53.33,1.0552
2017-03-06,1280.87,2375.31,1230.95,53.19,1.0586
2017-03-07,1232.43,2368.39,1216.65,52.68,1.0582
2017-03-08,1150.48,2362.98,1209.2,49.83,1.0547
2017-03-09,1191.81,2364.87,1206.55,48.75,1.0586
2017-03-10,1117.02,2372.6,1202.65,48.05,1.0667
2017-03-13,1243.24,2373.47,1204.2,47.95,1.067
2017-03-14,1246.31,2365.45,1204.6,47.24,1.0645
2017-03-15,1259.6,2385.26,1198.8,48.34,1.063
2017-03-16,1172.91,2381.38,1229.35,48.3,1.0738
2017-03-17,1070.13,2378.25,1229.6,48.34,1.0742
2017-03-20,1041.34,2373.47,1232.4,47.79,1.0754
2017-03-21,1115.04,2344.02,1241.6,47.02,1.081
2017-03-22,1037.44,2348.45,1249.05,47.29,1.08
2017-03-23,1029.95,2345.96,1247.5,47,1.0787
2017-03-24,935.95,2343.98,1247.5,47.3,1.0806
2017-03-27,1040.49,2341.59,1257.55,47.02,1.0882
2017-03-28,1044.25,2358.57,1257.25,48.36,1.0852
2017-03-29,1040.39,2361.13,1251.1,49.47,1.0756
2017-03-30,1037.53,2368.06,1248.8,50.3,1.0726
2017-03-31,1079.75,2362.72,1244.85,50.54,1.0698
2017-04-03,1147.63,2358.84,1247.25,50.25,1.0655
2017-04-04,1143.75,2360.16,1257.65,50.99,1.0664
2017-04-05,1135,2352.95,1245.8,51.14,1.0661
2017-04-06,1190.6,2357.49,1252.5,51.69,1.0651
2017-04-07,1193.02,2355.54,1266.45,52.25,1.0616
2017-04-10,1213.34,2357.16,1250.05,53.06,1.0606
2017-04-11,1224.77,2353.78,1252.9,53.38,1.0614
2017-04-12,1216.5,2344.93,1274.3,53.12,1.0611
2017-04-13,1178.53,2328.95,1284.15,53.19,1.063
2017-04-14,1183.44,0,0,0,1.0625
2017-04-17,1203.73,2349.01,0,52.62,1.066
2017-04-18,1217.6,2342.19,1278.95,52.46,1.0706
2017-04-19,1226.94,2338.17,1279.05,50.49,1.0707
2017-04-20,1255.4,2355.84,1282.1,50.26,1.0758
2017-04-21,1257.13,2348.69,1281.85,49.64,1.0694
2017-04-24,1248.32,2374.15,1269.4,48.9,1.0846
2017-04-25,1263.54,2388.61,1267.8,49.22,1.0941
2017-04-26,1284.84,2387.45,1261.85,49.22,1.0872
2017-04-27,1329.19,2388.77,1262.8,48.96,1.0864
2017-04-28,1320.05,2384.2,1266.45,49.31,1.0895
2017-05-01,1402.08,2388.33,0,48.83,1.0912
2017-05-02,1443.68,2391.17,1255.45,47.65,1.091
2017-05-03,1492,2388.13,1250.3,47.79,1.092
2017-05-04,1515.63,2389.52,1228.45,45.55,1.0967
2017-05-05,1512.21,2399.29,1228.05,46.23,1.0996
2017-05-08,1639.32,2399.38,1229.8,46.46,1.0928
2017-05-09,1706.93,2396.92,1220.4,45.84,1.0875
2017-05-10,1756.8,2399.63,1222.95,47.28,1.0873
2017-05-11,1807.37,2394.44,1223.15,47.81,1.0869
2017-05-12,1676.99,2390.9,1231.25,47.83,1.0926
2017-05-15,1697.38,2402.32,1233.3,48.86,1.0979
2017-05-16,1718.2,2400.67,1234.2,48.64,1.1072
2017-05-17,1802.16,2357.03,1257.4,49.04,1.1134
2017-05-18,1887.33,2365.72,1255.9,49.36,1.113
2017-05-19,1968.1,2381.73,1252,50.32,1.119
2017-05-22,2139.03,2394.02,1258.85,50.81,1.1236
2017-05-23,2291.48,2398.42,1260.2,51.12,1.1198
2017-05-24,2476.3,2404.39,1252.55,50.99,1.1175
2017-05-25,2357.5,2415.07,1256.95,48.57,1.1218
2017-05-26,2247.48,2415.82,1265.05,49.58,1.117
2017-05-29,2289.87,0,0,0,0
2017-05-30,2197.23,2412.91,1262.7,49.63,1.1183
2017-05-31,2330.23,2411.8,1266.2,48.29,1.1236
2017-06-01,2452.18,2430.06,1264.85,48.32,1.1214
2017-06-02,2517.41,2439.07,1274.95,47.68,1.127
2017-06-05,2736.59,2436.1,1279.95,47.4,1.125
2017-06-06,2914.08,2429.33,1293.5,48.13,1.1266
2017-06-07,2694.22,2433.14,1291,45.8,1.1236
2017-06-08,2825.03,2433.79,1273.1,45.68,1.1217
2017-06-09,2826.7,2431.77,1266.55,45.82,1.119
2017-06-12,2682.59,2429.39,1266.4,46.1,1.1204
2017-06-13,2738.93,2440.35,1262,46.41,1.1194
2017-06-14,2494.48,2437.92,1275.5,44.79,1.1277
2017-06-15,2456.92,2432.46,1254.55,44.47,1.1152
2017-06-16,2528.1,2433.15,1255.4,44.73,1.1194
2017-06-19,2641.66,2453.46,1248.15,44.24,1.116
2017-06-20,2778.83,2437.03,1242.2,43.34,1.1124
2017-06-21,2712.16,2435.61,1242.5,42.48,1.1143
2017-06-22,2740.79,2434.5,1250.8,42.53,1.1148
2017-06-23,2738.22,2438.3,1255.7,42.86,1.1196
2017-06-26,2485.36,2439.07,1245.25,43.24,1.1196
2017-06-27,2593.17,2419.38,1249.55,44.25,1.13
2017-06-28,2584.56,2440.69,1248,44.74,1.1364
2017-06-29,2561.56,2419.7,1243.5,44.88,1.142
2017-06-30,2499.98,2423.41,1242.25,46.02,1.1411
2017-07-03,2581.07,2429.01,1229.25,0,1.1367
2017-07-04,2625.07,0,1223.75,0,0
2017-07-05,2629.27,2432.54,1220.3,45.11,1.1336
2017-07-06,2619.11,2409.75,1224.9,45.52,1.1409
2017-07-07,2521.24,2425.18,1215.65,44.25,1.1396
2017-07-10,2371.96,2427.43,1211.9,44.4,1.1396
2017-07-11,2332.19,2425.53,1211.05,45.06,1.143
2017-07-12,2423.16,2443.25,1218.8,45.48,1.1411
2017-07-13,2364.52,2447.83,1218.9,46.06,1.1385
2017-07-14,2232.65,2459.27,1230.3,46.53,1.1452
2017-07-17,2244.26,2459.14,1234.1,46.02,1.147
2017-07-18,2327.9,2460.61,1240.75,46.4,1.1578
2017-07-19,2294.4,2473.83,1242.15,47.1,1.1518
2017-07-20,2877.39,2473.45,1238.7,46.73,1.1634
2017-07-21,2694.29,2472.54,1248.55,45.78,1.1655
2017-07-24,2779.04,2469.91,1255.55,46.21,1.1642
2017-07-25,2591.22,2477.13,1254.4,47.77,1.1656
2017-07-26,2550.18,2477.83,1248.1,48.58,1.1632
2017-07-27,2697.47,2475.42,1261.1,49.05,1.1656
2017-07-28,2805.18,2472.1,1264.9,49.72,1.1754
2017-07-31,2873.83,2470.3,1267.55,50.21,1.1826
2017-08-01,2735.59,2476.35,1270.95,49.19,1.1799
2017-08-02,2723.58,2477.57,1269.6,49.6,1.1861
2017-08-03,2814.36,2472.16,1268.1,49.03,1.188
2017-08-04,2883.68,2476.83,1257.7,49.57,1.1754
2017-08-07,3431.97,2480.91,1258,49.37,1.1788
2017-08-08,3453.16,2474.92,1261.8,49.07,1.1724
2017-08-09,3377.54,2474.02,1271.05,49.59,1.1748
2017-08-10,3445.28,2438.21,1284.4,48.54,1.1751
2017-08-11,3679.61,2441.32,1286.1,48.81,1.1811
2017-08-14,4382.74,2465.84,1282.3,47.59,1.1786
2017-08-15,4204.43,2464.61,0,47.57,1.1736
2017-08-16,4425.3,2468.11,1272.75,46.8,1.1703
2017-08-17,4316.34,2430.01,1285.15,47.07,1.1736
2017-08-18,4159.46,2425.55,1295.8,48.59,1.1748
2017-08-21,4054.94,2428.37,1292.9,47.39,1.1814
2017-08-22,4137.67,2452.51,1284.2,47.65,1.1762
2017-08-23,4191.22,2444.04,1286.65,48.45,1.1802
2017-08-24,4362.47,2438.97,1289,47.24,1.1801
2017-08-25,4408.32,2443.05,1285.3,47.65,1.1874
2017-08-28,4439.66,2444.24,0,46.4,1.1973
2017-08-29,4648.13,2446.3,1318.65,46.46,1.2025
2017-08-30,4630.73,2457.59,1308.5,45.96,1.1927
2017-08-31,4764.87,2471.65,1311.75,47.26,1.1894
2017-09-01,4950.72,2476.55,1320.4,47.32,1.1878
2017-09-04,4319.72,0,1333.1,0,0
2017-09-05,4422.12,2457.85,1335.55,48.63,1.1911
2017-09-06,4626.72,2465.54,1337.85,49.13,1.1943
2017-09-07,4638.1,2465.1,1343.5,49.1,1.2028
2017-09-08,4317.54,2461.43,1346.25,47.44,1.2041
2017-09-11,4188.84,2488.11,1334.2,48.06,1.1964
2017-09-12,4148.27,2496.48,1326.5,48.21,1.1968
2017-09-13,3874.26,2498.37,1327.55,49.3,1.1898
2017-09-14,3226.41,2495.62,1324.55,49.86,1.1886
2017-09-15,3686.9,2500.23,1322.85,49.9,1.1959
2017-09-18,4067.08,2503.87,1312.1,49.88,1.1938
2017-09-19,3897,2506.65,1309.6,49.54,1.198
2017-09-20,3858.09,2508.24,1311.3,50.29,1.1998
2017-09-21,3612.68,2500.6,1292.1,50.58,1.1946
2017-09-22,3603.31,2502.22,1294.8,50.33,1.1969
2017-09-25,3927.5,2496.66,1293.3,51.85,1.1852
2017-09-26,3895.51,2496.84,1300.05,51.59,1.1772
2017-09-27,4208.56,2507.04,1282.55,52.14,1.1747
2017-09-28,4185.29,2510.06,1283.35,51.62,1.1776
2017-09-29,4164.1,2519.36,1283.1,51.67,1.1813
2017-10-02,4404.1,2529.12,1273.7,50.59,1.1745
2017-10-03,4320.09,2534.58,1271.25,50.44,1.1759
2017-10-04,4225.92,2537.74,1274.25,50,1.176
2017-10-05,4322.75,2552.07,1274.5,50.79,1.1706
2017-10-06,4370.24,2549.33,1261.8,49.34,1.1732
2017-10-09,4772.97,2544.73,1278.75,49.58,0
2017-10-10,4754.7,2550.64,1291.4,50.93,1.1804
2017-10-11,4830.77,2555.24,1289.25,51.3,1.1847
2017-10-12,5439.13,2550.93,1290.25,50.61,1.184
2017-10-13,5640.13,2553.17,1299.6,51.43,1.1837
2017-10-16,5754.22,2557.64,1303.3,51.86,1.181
2017-10-17,5595.23,2559.36,1284.75,51.87,1.1754
2017-10-18,5572.2,2561.26,1280.2,52.05,1.1775
2017-10-19,5699.58,2562.1,1286.4,51.29,1.1842
2017-10-20,5984.09,2575.21,1281.2,51.63,1.177
2017-10-23,5895.3,2564.98,1274.9,51.91,1.1762
2017-10-24,5518.85,2569.13,1276.45,52.32,1.1766
2017-10-25,5733.9,2557.15,1275,51.97,1.1802
2017-10-26,5888.14,2560.4,1273.75,52.41,1.17
2017-10-27,5767.68,2581.07,1266.45,53.92,1.158
2017-10-30,6121.8,2572.83,1272,54.11,1.1626
2017-10-31,6447.67,2575.26,1270.15,54.36,1.1648
2017-11-01,6750.17,2579.36,1277.05,54.32,1.1618
2017-11-02,7030,2579.85,1279.2,54.55,1.1672
2017-11-03,7161.45,2587.84,1267.2,55.63,1.1616
2017-11-06,6958.21,2591.13,1270.9,57.34,1.16
2017-11-07,7118.8,2590.64,1275.6,57.19,1.1577
2017-11-08,7458.79,2594.38,1284,56.82,1.1591
2017-11-09,7146.78,2584.62,1284.8,57.16,1.1648
2017-11-10,6570.31,2582.3,1284.3,56.75,0
2017-11-13,6517.68,2584.84,1277.95,56.77,1.1656
2017-11-14,6598.77,2578.87,1274.6,55.67,1.1764
2017-11-15,7279,2564.62,1282.2,55.28,1.1794
2017-11-16,7843.94,2585.64,1280,55.14,1.1772
2017-11-17,7689.91,2578.85,1284.35,56.21,1.1799
2017-11-20,8238.2,2582.14,1286.2,56.21,1.1741
2017-11-21,8095.59,2599.03,1283.3,56.84,1.1741
2017-11-22,8230.69,2597.08,1286.95,57.88,1.1789
2017-11-23,8002.64,0,1290.35,0,0
2017-11-24,8201.46,2602.42,1290.5,58.94,1.1936
2017-11-27,9739.05,2601.42,1294.9,58.1,1.1911
2017-11-28,9908.23,2627.04,1291.85,57.96,1.1878
2017-11-29,9816.35,2626.07,1283.85,57.25,1.1858
2017-11-30,9916.54,2647.58,1280.2,57.4,1.1898
2017-12-01,10859.56,2642.22,1275.5,58.35,1.191
2017-12-04,11616.85,2639.44,1273.45,57.48,1.1848
2017-12-05,11696.06,2629.57,1266.3,57.66,1.182
2017-12-06,13708.99,2629.27,1263.7,55.79,1.1788
2017-12-07,16858.02,2636.98,1255,56.5,1.179
2017-12-08,16057.14,2651.5,1250.65,57.15,1.1761
2017-12-11,16699.68,2659.99,1247.15,57.84,1.1802
2017-12-12,17178.1,2664.11,1240.9,57.12,1.1725
2017-12-13,16407.2,2662.85,1242.65,56.59,1.1762
2017-12-14,16531.08,2652.01,1251,57,1.1778
2017-12-15,17601.94,2675.81,1254.6,57.29,1.1778
2017-12-18,18960.52,2690.16,1260.6,57.17,1.1804
2017-12-19,17608.35,2681.47,1260.35,57.49,1.1822
2017-12-20,16454.72,2679.25,1264.55,58.09,1.1881
2017-12-21,15561.05,2684.57,1264.55,58.34,1.1872
2017-12-22,13857.14,2683.34,0,58.25,1.1839
2017-12-25,13917.03,0,0,0,0
2017-12-26,15745.26,2680.5,0,59.55,1.1867
2017-12-27,15378.28,2682.62,1279.4,59.67,1.1902
2017-12-28,14428.76,2687.54,1291,59.84,1.1952
2017-12-29,14427.87,2673.61,0,60.46,1.2022
2018-01-01,13412.44,0,0,0,0
2018-01-02,14740.76,2695.81,1312.05,60.37,1.205
2018-01-03,15134.65,2713.06,1314.9,61.61,1.203
2018-01-04,15155.23,2723.99,1314.5,61.98,1.2064
2018-01-05,16937.17,2743.15,1317.15,61.49,1.2039
2018-01-08,14970.36,2747.71,1319.95,61.73,1.1973
2018-01-09,14439.47,2751.29,1311,62.92,1.1922
2018-01-10,14890.72,2748.23,1319.75,63.6,1.1958
2018-01-11,13287.26,2767.56,1323.05,63.81,1.2035
2018-01-12,13812.71,2786.24,1326.8,64.22,1.213
2018-01-15,13585.9,0,1339.25,0,0
2018-01-16,11348.02,2776.42,1333.85,63.82,1.2244
2018-01-17,11141.25,2802.56,1335.65,63.92,1.2229
2018-01-18,11250.65,2798.03,1332.2,63.96,1.2238
2018-01-19,11514.92,2810.3,1334.95,63.38,1.2238
2018-01-22,10772.15,2832.97,1332.6,63.66,1.223
2018-01-23,10839.83,2839.13,1333.4,64.45,1.2277
2018-01-24,11399.52,2837.54,1353.7,65.69,1.239
2018-01-25,11137.24,2839.25,1354.95,65.62,1.2488
2018-01-26,11090.06,2872.87,1353.15,66.27,1.2422
2018-01-29,11158.39,2853.53,1343.85,65.71,1.2352
2018-01-30,10035,2822.43,1344.9,64.64,1.239
2018-01-31,10166.51,2823.81,1345.05,64.82,1.2428
2018-02-01,9052.58,2821.98,1341.35,65.92,1.2482
2018-02-02,8827.63,2762.13,1331.15,65.5,1.2446
2018-02-05,6914.26,2648.94,1333.6,64.18,1.2418
2018-02-06,7700.39,2695.14,1331.4,63.48,1.2381
2018-02-07,7581.8,2681.66,1324.65,61.91,1.2281
2018-02-08,8237.24,2581,1315.45,61.3,1.2238
2018-02-09,8689.84,2619.55,1314.1,59.2,1.2226
2018-02-12,8891.21,2656,1322.3,59.41,1.2267
2018-02-13,8516.24,2662.94,1325.35,59.33,1.2363
2018-02-14,9477.84,2698.63,1336.25,60.7,1.2396
2018-02-15,10016.49,2731.2,1352.45,61.48,1.2482
2018-02-16,10178.71,2732.22,1352.1,61.89,1.2442
2018-02-19,11159.72,0,1346.6,0,0
2018-02-20,11228.24,2716.26,1339.85,61.91,1.2348
2018-02-21,10456.17,2701.33,1330.5,61.73,1.2314
2018-02-22,9830.43,2703.96,1328.35,62.72,1.2326
2018-02-23,10149.46,2747.3,1327.95,63.52,1.2298
2018-02-26,10313.08,2779.6,1333.5,63.81,1.2296
2018-02-27,10564.42,2744.28,1325.75,62.94,1.2239
2018-02-28,10309.64,2713.83,1317.85,61.43,1.2211
2018-03-01,10907.59,2677.67,1307.75,60.98,1.2216
2018-03-02,11019.52,2691.25,1322.3,61.19,1.2314
2018-03-05,11432.98,2720.94,1320.4,62.49,1.233
2018-03-06,10709.53,2728.12,1331.4,62.54,1.2415
2018-03-07,9906.8,2726.8,1329.4,61.09,1.2397
2018-03-08,9299.28,2738.97,1321,60.13,1.2314
2018-03-09,9237.05,2786.57,1320.6,62.02,1.2326
2018-03-12,9118.27,2783.02,1319.15,61.35,1.2318
2018-03-13,9144.15,2765.31,1322.75,60.69,1.2398
2018-03-14,8196.9,2749.48,1323.55,60.89,1.2362
2018-03-15,8256.99,2747.33,1318.75,61.16,1.2321
2018-03-16,8269.33,2752.01,1310.1,62.29,1.228
2018-03-19,8594.19,2712.92,1312.4,62.01,1.2329
2018-03-20,8915.9,2716.94,1311,63.37,1.2271
2018-03-21,8895.4,2711.93,1321.35,65.1,1.2268
2018-03-22,8712.89,2643.69,1329.15,64.25,1.231
2018-03-23,8918.74,2588.26,1346.6,65.8,1.236
2018-03-26,8138.34,2658.55,1352.4,65.49,1.244
2018-03-27,7790.16,2612.62,1341.45,65.21,1.241
2018-03-28,7937.2,2605,1332.45,64.3,1.2351
2018-03-29,7086.49,2640.87,1323.85,64.87,1.2297
2018-03-30,6844.32,0,0,0,1.232
2018-04-02,7049.79,2581.88,0,63.05,1.2288
2018-04-03,7417.89,2614.45,1333.45,63.41,1.2261
2018-04-04,6789.3,2644.69,1337.3,63.35,1.2292
2018-04-05,6774.75,2662.84,1327.7,63.53,1.223
2018-04-06,6620.41,2604.47,1331.2,62.03,1.2274
2018-04-09,6773.94,2613.16,1331.95,63.4,1.232
2018-04-10,6830.9,2656.87,1338.95,65.48,1.2338
2018-04-11,6939.55,2642.19,1350.75,66.81,1.2384
2018-04-12,7916.37,2663.99,1341.35,67.07,1.232
2018-04-13,7889.23,2656.3,1343.7,67.35,1.2322
2018-04-16,8051.34,2677.84,1349.35,66.23,1.2373
2018-04-17,7890.15,2706.39,1342.1,66.5,1.2345
2018-04-18,8163.69,2708.64,1351.45,68.44,1.238
2018-04-19,8273.74,2693.13,1348.6,68.3,1.2336
2018-04-20,8863.5,2670.14,1336.75,68.26,1.2282
2018-04-23,8938.3,2670.29,1324.3,67.61,1.2216
2018-04-24,9652.16,2634.56,1328.85,67.66,1.2226
2018-04-25,8864.09,2639.4,1321.65,68,1.2178
2018-04-26,9279,2666.94,1320.7,68.18,1.2113
2018-04-27,8978.33,2669.91,1321.5,68.11,1.2108
2018-04-30,9244.32,2648.05,1313.2,68.56,1.2074
2018-05-01,9067.71,2654.8,1307.1,67.28,1.2
2018-05-02,9219.86,2635.67,1304.2,67.91,1.1968
2018-05-03,9734.67,2629.73,1315.05,68.45,1.197
2018-05-04,9692.72,2663.42,1309.4,69.71,1.1946
2018-05-07,9362.53,2672.63,0,70.74,1.1927
2018-05-08,9180.16,2671.92,1306.6,68.83,1.1863
2018-05-09,9306,2697.79,1313.85,71.16,1.1852
2018-05-10,9014.61,2723.07,1318.8,71.36,1.1896
2018-05-11,8406.17,2727.72,1324.35,70.69,1.1951
2018-05-14,8675.21,2730.13,1319.85,71.01,1.1976
2018-05-15,8474.24,2711.45,1295,71.34,1.1864
2018-05-16,8340.3,2722.46,1291.25,71.43,1.1788
2018-05-17,8058.6,2720.13,1289.5,71.47,1.1798
2018-05-18,8240.72,2712.97,1288.3,71.23,1.1775
2018-05-21,8395.23,2733.01,1288.35,72.26,1.1768
2018-05-22,7983.52,2724.44,1293.05,72.09,1.1783
2018-05-23,7502.56,2733.29,1289,71.85,1.1693
2018-05-24,7578.69,2727.76,1304.85,70.77,1.1729
2018-05-25,7460.69,2721.33,1303.5,67.92,1.1666
2018-05-28,7105.67,0,0,0,0
2018-05-29,7460.58,2689.86,1295.5,66.8,1.1551
2018-05-30,7375.67,2724.01,1300.7,68.24,1.1664
2018-05-31,7487.19,2705.27,1305.35,66.98,1.167
2018-06-01,7518.24,2734.62,1294.6,65.81,1.1679
2018-06-04,7490.59,2746.87,1295.45,64.76,1.1696
2018-06-05,7616.89,2748.8,1292.05,65.51,1.1672
2018-06-06,7655.98,2772.35,1300.1,64.75,1.1778
2018-06-07,7688,2770.37,1297.25,65.96,1.1815
2018-06-08,7616.1,2779.03,1298.25,65.77,1.1773
2018-06-11,6877.18,2782,1299.6,66.1,1.1802
2018-06-12,6548.33,2786.85,1298.65,66.38,1.1792
2018-06-13,6299.52,2775.63,1296.15,66.63,1.1784
2018-06-14,6637.74,2782.49,1302.75,66.91,1.1634
2018-06-15,6410.72,2779.66,1285.25,65.01,1.1616
2018-06-18,6709.48,2773.75,1281.55,65.91,1.1606
2018-06-19,6737.41,2762.59,1276.15,65.09,1.1577
2018-06-20,6758.38,2767.32,1274.2,65.92,1.1592
2018-06-21,6717.2,2749.76,1266.15,65.68,1.16
2018-06-22,6053.9,2754.88,1269.15,69.02,1.163
2018-06-25,6247.47,2717.07,1268.7,69.91,1.1694
2018-06-26,6074.92,2723.06,1260.3,75.23,1.1675
2018-06-27,6132.56,2699.63,1254.6,77.41,1.1588
2018-06-28,5848.26,2716.31,1251.55,73.45,1.1582
2018-06-29,6203.9,2718.37,1250.45,74.13,1.1677
2018-07-02,6613.27,2726.71,1247.8,73.89,1.1604
2018-07-03,6504.93,2713.22,1251.75,74.19,1.1653
2018-07-04,6584.77,0,1255.65,0,0
2018-07-05,6531.2,2736.61,1255.5,73.05,1.1697
2018-07-06,6600.99,2759.82,1255.35,73.78,1.1738
2018-07-09,6664.21,2784.17,1262.05,73.93,1.1744
2018-07-10,6302.49,2793.84,1254,74.11,1.1728
2018-07-11,6381.87,2774.02,1251.4,70.47,1.1722
2018-07-12,6245.63,2798.29,1245.9,70.28,1.1692
2018-07-13,6217.61,2801.31,1241.7,71.03,1.1667
2018-07-16,6726.4,2798.43,1241.1,68.22,1.171
2018-07-17,7314.94,2809.55,1232.8,68.03,1.1664
2018-07-18,7378.76,2815.62,1224.5,68.78,1.1645
2018-07-19,7470.82,2804.49,1217.55,69.42,1.1604
2018-07-20,7330.54,2801.83,1228.75,70.31,1.1708
2018-07-23,7717.5,2806.98,1224.95,67.9,1.1702
2018-07-24,8397.63,2820.4,1228.35,70.77,1.1684
2018-07-25,8166.76,2846.07,1231.5,71.13,1.1677
2018-07-26,7929.61,2837.44,1228.25,71.59,1.1654
2018-07-27,8183.02,2818.82,1223.95,68.66,1.166
2018-07-30,8168,2802.6,1223.8,71.19,1.1718
2018-07-31,7726.89,2816.29,1220.95,69.88,1.1706
2018-08-01,7603.75,2813.36,1219,68.8,1.1666
2018-08-02,7535.02,2827.22,1215.45,68.95,1.1612
2018-08-03,7415.56,2840.35,1216.3,68.49,1.1597
2018-08-06,6937.07,2850.4,1209.65,69.01,1.1564
2018-08-07,6717.21,2858.45,1212.35,69.17,1.1597
2018-08-08,6280.58,2857.7,1209.55,66.92,1.1598
2018-08-09,6537.9,2853.58,1214.35,66.81,1.1566
2018-08-10,6143.3,2833.28,1214.4,67.61,1.1399
2018-08-13,6252.37,2821.93,1200.35,67.25,1.1396
2018-08-14,6192.31,2839.96,1197,67.04,1.1351
2018-08-15,6270.04,2818.37,1182,65.07,1.1332
2018-08-16,6314.24,2840.69,1180.4,65.44,1.1388
2018-08-17,6583.24,2850.13,1178.4,65.93,1.141
2018-08-20,6256.61,2857.05,1184.35,66.5,1.1438
2018-08-21,6477.38,2862.96,1190.95,67.32,1.1534
2018-08-22,6357.59,2861.82,1196.65,67.85,1.1595
2018-08-23,6525.61,2856.98,1192.35,69.13,1.1567
2018-08-24,6692.62,2874.69,1197.7,69.71,1.1625
2018-08-27,6907.66,2896.74,0,69.97,1.1676
2018-08-28,7076.74,2897.52,1212.25,68.54,1.172
2018-08-29,7035.81,2914.04,1204.2,69.68,1.1699
2018-08-30,6982.4,2901.13,1197.3,70.25,1.1646
2018-08-31,7013.97,2901.52,1202.45,69.84,1.1596
2018-09-03,7261.49,0,1200.05,0,0
2018-09-04,7358.5,2896.72,1190.85,69.82,1.1566
2018-09-05,6687.01,2888.6,1196.7,68.69,1.162
2018-09-06,6498.62,2878.05,1205.15,67.81,1.1624
2018-09-07,6396.27,2871.68,1198.9,67.73,1.1572
2018-09-10,6305.57,2877.13,1196.6,67.55,1.1604
2018-09-11,6282.92,2887.89,1189.85,69.29,1.1591
2018-09-12,6328.93,2888.92,1195.6,70.37,1.1626
2018-09-13,6486.62,2904.18,1209.8,68.6,1.1672
2018-09-14,6492.37,2904.98,1201.95,68.98,1.1656
2018-09-17,6251.16,2888.8,1201.9,68.86,1.1687
2018-09-18,6334.2,2904.31,1200.2,0,1.1693
2018-09-19,6388.98,2907.95,1203.3,0,1.1685
2018-09-20,6491.64,2930.75,1208.35,0,1.1744
2018-09-21,6753.18,2929.67,1198.7,0,1.1739
2018-09-24,6581.51,2919.37,1202.75,0,0
